antecedents,consequents,antecedent support,consequent support,support,confidence,lift,representativity,leverage,conviction,zhangs_metric,jaccard,certainty,kulczynski,cosine,all_confidence,max_confidence,chi_square_score
"frozenset({'SSLfinal_State_No_HTTPS', 'URL_of_Anchor_greater_than_%67_Anchor'})",frozenset({'Result_Phishing'}),0.1853459972862958,0.44305744007236547,0.1853459972862958,1.0,2.2570436913025724,1.0,0.10322707420096999,inf,0.6836553408838553,0.4183340138832176,1.0,0.7091670069416088,0.6467874564980506,0.4183340138832176,1.0,3161.688904354908
"frozenset({'Request_URL_ReqURL_HighExtContent', 'URL_of_Anchor_greater_than_%67_Anchor'})",frozenset({'Result_Phishing'}),0.1655359565807327,0.44305744007236547,0.1655359565807327,1.0,2.2570436913025724,1.0,0.09219401941814302,inf,0.6674254742547425,0.37362188648427924,1.0,0.6868109432421396,0.6112461750262976,0.37362188648427924,1.0,2756.7274719470747
"frozenset({'SSLfinal_State_No_HTTPS', 'Prefix_Suffix_Has_PrefixSuffix', 'URL_of_Anchor_greater_than_%67_Anchor'})",frozenset({'Result_Phishing'}),0.1853459972862958,0.44305744007236547,0.1853459972862958,1.0,2.2570436913025724,1.0,0.10322707420096999,inf,0.6836553408838553,0.4183340138832176,1.0,0.7091670069416088,0.6467874564980506,0.4183340138832176,1.0,3161.688904354908
"frozenset({'SSLfinal_State_No_HTTPS', 'Google_Index_Indexed by Google', 'URL_of_Anchor_greater_than_%67_Anchor'})",frozenset({'Result_Phishing'}),0.15368611488014472,0.44305744007236547,0.15368611488014472,1.0,2.2570436913025724,1.0,0.08559433824668032,inf,0.6580803762291577,0.34687627603103305,1.0,0.6734381380155166,0.5889620327585073,0.34687627603103305,1.0,2523.5521557878924
"frozenset({'SSLfinal_State_No_HTTPS', 'SFH_Empty_or_Blank', 'URL_of_Anchor_greater_than_%67_Anchor'})",frozenset({'Result_Phishing'}),0.1560379918588874,0.44305744007236547,0.1560379918588874,1.0,2.2570436913025724,1.0,0.08690419863185614,inf,0.659914255091104,0.3521845651286239,1.0,0.676092282564312,0.5934514008144424,0.35218456512862395,1.0,2569.3104006198146
"frozenset({'Prefix_Suffix_Has_PrefixSuffix', 'Request_URL_ReqURL_HighExtContent', 'URL_of_Anchor_greater_than_%67_Anchor'})",frozenset({'Result_Phishing'}),0.1655359565807327,0.44305744007236547,0.1655359565807327,1.0,2.2570436913025724,1.0,0.09219401941814302,inf,0.6674254742547425,0.37362188648427924,1.0,0.6868109432421396,0.6112461750262976,0.37362188648427924,1.0,2756.7274719470747
"frozenset({'SSLfinal_State_No_HTTPS', 'Prefix_Suffix_Has_PrefixSuffix', 'URL_of_Anchor_greater_than_%67_Anchor', 'SFH_Empty_or_Blank'})",frozenset({'Result_Phishing'}),0.1560379918588874,0.44305744007236547,0.1560379918588874,1.0,2.2570436913025724,1.0,0.08690419863185614,inf,0.659914255091104,0.3521845651286239,1.0,0.676092282564312,0.5934514008144424,0.35218456512862395,1.0,2569.3104006198146
"frozenset({'SSLfinal_State_No_HTTPS', 'Prefix_Suffix_Has_PrefixSuffix', 'Google_Index_Indexed by Google', 'URL_of_Anchor_greater_than_%67_Anchor'})",frozenset({'Result_Phishing'}),0.15368611488014472,0.44305744007236547,0.15368611488014472,1.0,2.2570436913025724,1.0,0.08559433824668032,inf,0.6580803762291577,0.34687627603103305,1.0,0.6734381380155166,0.5889620327585073,0.34687627603103305,1.0,2523.5521557878924
"frozenset({'Prefix_Suffix_Has_PrefixSuffix', 'age_of_domain_Domain_Age_Less_6Month', 'URL_of_Anchor_greater_than_%67_Anchor'})",frozenset({'Result_Phishing'}),0.15341474445952058,0.44305744007236547,0.152962460425147,0.9970518867924528,2.250389670986232,1.0,0.08499091647555569,188.91491632745323,0.656321983684009,0.34489088313277577,0.9947066117411996,0.671147421550575,0.5867070316515655,0.3452429563086974,0.9970518867924528,2491.698720880824
"frozenset({'age_of_domain_Domain_Age_Less_6Month', 'URL_of_Anchor_greater_than_%67_Anchor'})",frozenset({'Result_Phishing'}),0.15359565807327002,0.44305744007236547,0.152962460425147,0.9958775029446407,2.24773903533136,1.0,0.08491076135297362,135.09835239387382,0.6558431573600615,0.34475025484199795,0.9925979852286834,0.6705602296266691,0.5863614015587412,0.3452429563086974,0.9958775029446407,2484.6027087231946
"frozenset({'Prefix_Suffix_Has_PrefixSuffix', 'URL_of_Anchor_greater_than_%67_Anchor', 'Statistical_report_Dont Belong to Top Phishing IPs/Domains'})",frozenset({'Result_Phishing'}),0.23491632745364088,0.44305744007236547,0.23364993215739485,0.9946091644204852,2.244876339866979,1.0,0.12956850548458315,103.31284486657653,0.7248111343728711,0.5258550488599348,0.9903206614696222,0.7609836348848036,0.7242342193735811,0.5273581053491221,0.9946091644204852,4184.707123394145
"frozenset({'Prefix_Suffix_Has_PrefixSuffix', 'URL_of_Anchor_greater_than_%67_Anchor'})",frozenset({'Result_Phishing'}),0.29525101763907735,0.44305744007236547,0.2936227951153324,0.994485294117647,2.244596759181418,1.0,0.16280963506140197,100.99225086687605,0.7867846472457082,0.6602929210740438,0.9900982501982438,0.8286023857276679,0.8118280448085448,0.6627194773376888,0.994485294117647,5707.19420726182
"frozenset({'Prefix_Suffix_Has_PrefixSuffix', 'URL_of_Anchor_greater_than_%67_Anchor', 'SFH_Empty_or_Blank', 'Statistical_report_Dont Belong to Top Phishing IPs/Domains'})",frozenset({'Result_Phishing'}),0.19882406151062867,0.44305744007236547,0.19755766621438264,0.9936305732484076,2.242667616835677,1.0,0.10946718649669297,87.43998190863864,0.6916114445187495,0.44462540716612375,0.9885635840930886,0.7197634287230197,0.6656246543485508,0.44589628419763166,0.9936305732484076,3370.2287514255827
"frozenset({'Prefix_Suffix_Has_PrefixSuffix', 'Google_Index_Indexed by Google', 'URL_of_Anchor_greater_than_%67_Anchor', 'Statistical_report_Dont Belong to Top Phishing IPs/Domains'})",frozenset({'Result_Phishing'}),0.19665309814563545,0.44305744007236547,0.19538670284938942,0.9935602575896965,2.2425089113217833,1.0,0.10825808460268453,86.48522323447762,0.6897031532151452,0.43973941368078173,0.9884373311115956,0.7172782913101605,0.6619338503910621,0.4409963250306247,0.9935602575896965,3323.571818737233
"frozenset({'Prefix_Suffix_Has_PrefixSuffix', 'URL_of_Anchor_greater_than_%67_Anchor', 'SFH_Empty_or_Blank'})",frozenset({'Result_Phishing'}),0.2502939846223428,0.44305744007236547,0.24866576209859792,0.99349475966751,2.2423610796497186,1.0,0.1377711500063107,85.61444796220992,0.7390116676334393,0.5591944670463791,0.9883197284593671,0.7773721246275483,0.74672513468567,0.5612494895875867,0.99349475966751,4531.724143941057
"frozenset({'Prefix_Suffix_Has_PrefixSuffix', 'Google_Index_Indexed by Google', 'URL_of_Anchor_greater_than_%67_Anchor'})",frozenset({'Result_Phishing'}),0.24658525554047941,0.44305744007236547,0.24495703301673452,0.9933969185619956,2.2421402479997674,1.0,0.13570560093737966,84.34585657570778,0.7353155398562053,0.5508543531326282,0.9881440530620208,0.7731378222863061,0.7410991989993164,0.5528787260106166,0.9933969185619956,4441.019001993519
"frozenset({'Page_Rank_PageRank_Low', 'Prefix_Suffix_Has_PrefixSuffix', 'URL_of_Anchor_greater_than_%67_Anchor', 'Statistical_report_Dont Belong to Top Phishing IPs/Domains'})",frozenset({'Result_Phishing'}),0.1905924920850294,0.44305744007236547,0.18932609678878334,0.9933554817275747,2.24204672325405,1.0,0.10488267514857764,83.81985526910844,0.6844252858956168,0.4260993485342019,0.9880696525090691,0.7103363770418192,0.651519727200774,0.42731727235606365,0.9933554817275747,3194.6464410054896
"frozenset({'Prefix_Suffix_Has_PrefixSuffix', 'URL_of_Anchor_greater_than_%67_Anchor', 'Page_Rank_PageRank_Low'})",frozenset({'Result_Phishing'}),0.24097693351424695,0.44305744007236547,0.23934871099050203,0.9932432432432432,2.2417933960910683,1.0,0.13258208771119118,82.4274988692894,0.7297914756416213,0.5382424735557363,0.9878681263690196,0.7667318707028792,0.7325096311048866,0.5402204981625153,0.9932432432432432,4305.539372879991
"frozenset({'Prefix_Suffix_Has_PrefixSuffix', 'DNSRecord_Has_DNS_Record', 'URL_of_Anchor_greater_than_%67_Anchor'})",frozenset({'Result_Phishing'}),0.18218000904568069,0.44305744007236547,0.18091361374943465,0.9930486593843099,2.2413542118198335,1.0,0.10019740530929498,80.12016540673292,0.6772164583563764,0.40716612377850164,0.9875187476845129,0.7006892949841108,0.6367821371182156,0.4083299305839118,0.9930486593843099,3018.8589008826457
"frozenset({'having_IP_Address_no_IP', 'Prefix_Suffix_Has_PrefixSuffix', 'URL_of_Anchor_greater_than_%67_Anchor'})",frozenset({'Result_Phishing'}),0.1707824513794663,0.44305744007236547,0.16951605608322026,0.9925847457627119,2.2403071385068967,1.0,0.0938496203657507,75.10768236738461,0.6676566762663951,0.3815146579804561,0.9866857827524412,0.6875949453599186,0.6162532194924208,0.38260514495712533,0.9925847457627119,2786.3881779586623
"frozenset({'URL_of_Anchor_greater_than_%67_Anchor', 'SFH_Empty_or_Blank', 'Prefix_Suffix_Has_PrefixSuffix', 'Google_Index_Indexed by Google', 'Statistical_report_Dont Belong to Top Phishing IPs/Domains'})",frozenset({'Result_Phishing'}),0.16635006784260514,0.44305744007236547,0.1650836725463591,0.9923871669385537,2.239861194468295,1.0,0.09138103733215015,73.15838340763814,0.6640002497146118,0.37153908794788276,0.986331026556068,0.6824941142981866,0.6080826522578167,0.3726010616578195,0.9923871669385537,2697.700745367997
"frozenset({'Prefix_Suffix_Has_PrefixSuffix', 'URL_of_Anchor_greater_than_%67_Anchor', 'Google_Index_Indexed by Google', 'SFH_Empty_or_Blank'})",frozenset({'Result_Phishing'}),0.2084124830393487,0.44305744007236547,0.2067842605156038,0.9921875000000001,2.239410537464271,1.0,0.11444555930106469,71.28864767073823,0.6991695887174199,0.4650122050447519,0.9859725211141792,0.7294543053287057,0.680496033772718,0.4667211106574112,0.9921875000000001,3556.8334780601
"frozenset({'Page_Rank_PageRank_Low', 'URL_of_Anchor_greater_than_%67_Anchor', 'SFH_Empty_or_Blank', 'Prefix_Suffix_Has_PrefixSuffix', 'Statistical_report_Dont Belong to Top Phishing IPs/Domains'})",frozenset({'Result_Phishing'}),0.161284486657621,0.44305744007236547,0.16001809136137493,0.9921480650588894,2.2393215310792205,1.0,0.08855979957946379,70.93061316792574,0.6598616109772805,0.36013843648208466,0.9859017149952936,0.6766579443301797,0.5986083505496133,0.36116782360146993,0.9921480650588894,2597.4923888151143
"frozenset({'DNSRecord_Has_DNS_Record', 'Google_Index_Indexed by Google', 'Prefix_Suffix_Has_PrefixSuffix', 'URL_of_Anchor_greater_than_%67_Anchor'})",frozenset({'Result_Phishing'}),0.15992763455450024,0.44305744007236547,0.15866123925825418,0.9920814479638008,2.2391711733850177,1.0,0.08780411089570853,70.33388899657483,0.6587601334315729,0.35708469055374586,0.9857821028487604,0.6750933985429457,0.5960450262191826,0.35810534912209063,0.9920814479638008,2570.8562444492045
"frozenset({'Page_Rank_PageRank_Low', 'URL_of_Anchor_greater_than_%67_Anchor', 'Prefix_Suffix_Has_PrefixSuffix', 'SFH_Empty_or_Blank'})",frozenset({'Result_Phishing'}),0.20407055630936227,0.44305744007236547,0.20244233378561738,0.9920212765957448,2.23903536397835,1.0,0.11202735551304782,69.80346751093118,0.6952614954112201,0.4552481692432872,0.9856740641166085,0.7244712344595711,0.6732574132620497,0.4569211923233973,0.9920212765957448,3461.637248306124
"frozenset({'DNSRecord_Has_DNS_Record', 'URL_of_Anchor_greater_than_%67_Anchor', 'Prefix_Suffix_Has_PrefixSuffix', 'SFH_Empty_or_Blank'})",frozenset({'Result_Phishing'}),0.15811849841700587,0.44305744007236547,0.15685210312075984,0.9919908466819223,2.23896668233333,1.0,0.08679652598403485,69.53825676810821,0.6572960610937756,0.3530130293159609,0.9856194266799823,0.673006448249087,0.5926100175843243,0.3540220498162515,0.9919908466819223,2535.4750626949694
"frozenset({'Page_Rank_PageRank_Low', 'URL_of_Anchor_greater_than_%67_Anchor', 'Prefix_Suffix_Has_PrefixSuffix', 'Google_Index_Indexed by Google', 'Statistical_report_Dont Belong to Top Phishing IPs/Domains'})",frozenset({'Result_Phishing'}),0.15748530076888287,0.44305744007236547,0.1562189054726368,0.9919586444572084,2.2388940005051934,1.0,0.08644387126494904,69.25978548814268,0.6567848563139537,0.3515879478827361,0.9855616070284942,0.6722757697582081,0.5914030522648446,0.3525928950592078,0.9919586444572084,2523.127580003982
"frozenset({'Prefix_Suffix_Has_PrefixSuffix', 'URL_of_Anchor_greater_than_%67_Anchor', 'Google_Index_Indexed by Google', 'Page_Rank_PageRank_Low'})",frozenset({'Result_Phishing'}),0.19864314789687923,0.44305744007236547,0.19701492537313434,0.9918032786885247,2.238543333177142,1.0,0.10900460077802673,67.94699231117225,0.6904301457452336,0.44304312449145655,0.9852826451034011,0.7182372865472023,0.6640982214480189,0.44467129440587994,0.9918032786885247,3344.0935619186
"frozenset({'having_IP_Address_no_IP', 'Prefix_Suffix_Has_PrefixSuffix', 'URL_of_Anchor_greater_than_%67_Anchor', 'Page_Rank_PageRank_Low'})",frozenset({'Result_Phishing'}),0.15422885572139303,0.44305744007236547,0.152962460425147,0.9917888563049854,2.238510781227361,1.0,0.0846302184239364,67.82764747690145,0.6541656520680419,0.34425895765472314,0.9852567494642867,0.6685159063068413,0.585156489141798,0.3452429563086974,0.9917888563049854,2459.918558877701
"frozenset({'DNSRecord_Has_DNS_Record', 'Prefix_Suffix_Has_PrefixSuffix', 'URL_of_Anchor_greater_than_%67_Anchor', 'Statistical_report_Dont Belong to Top Phishing IPs/Domains'})",frozenset({'Result_Phishing'}),0.15260063319764813,0.44305744007236547,0.15133423790140207,0.9917012448132779,2.2383130382627168,1.0,0.08372339200343006,67.1115784712793,0.652862142645309,0.34059446254071657,0.9850994415154762,0.66663461587336,0.5820080736813366,0.3415679869334422,0.9917012448132779,2428.4964082605184
"frozenset({'Page_Rank_PageRank_Low', 'URL_of_Anchor_greater_than_%67_Anchor', 'SFH_Empty_or_Blank', 'Prefix_Suffix_Has_PrefixSuffix', 'Google_Index_Indexed by Google'})",frozenset({'Result_Phishing'}),0.16743554952510176,0.44305744007236547,0.16580732700135686,0.9902755267423016,2.2350951302850435,1.0,0.09162376105165551,57.27225991255908,0.663722490257207,0.37286411716842965,0.9825395400578437,0.6822549540612284,0.6087652660478524,0.3742343813801552,0.9902755267423016,2697.9817101877406
"frozenset({'Prefix_Suffix_Has_PrefixSuffix', 'URL_of_Anchor_greater_than_%67_Anchor', 'Domain_registeration_length_Domain_ShortTerm'})",frozenset({'Result_Phishing'}),0.1629127091813659,0.44305744007236547,0.161284486657621,0.9900055524708494,2.2344857865588486,1.0,0.08910479877247125,55.72519724609219,0.6599905987206452,0.36269324654190394,0.9820547965836025,0.6770158427932034,0.6003231571652841,0.36402613311555737,0.9900055524708494,2608.343470128127
frozenset({'URL_of_Anchor_greater_than_%67_Anchor'}),frozenset({'Result_Phishing'}),0.29687924016282224,0.44305744007236547,0.2936227951153324,0.9890310786106032,2.2322863564802407,1.0,0.16208823895816338,50.77459671340246,0.7851123598845521,0.657884069720308,0.9803051119116808,0.8258752779741461,0.8095987645047079,0.6627194773376888,0.9890310786106032,5638.733420372811
"frozenset({'SFH_Empty_or_Blank', 'URL_of_Anchor_greater_than_%67_Anchor'})",frozenset({'Result_Phishing'}),0.2515603799185889,0.44305744007236547,0.24866576209859792,0.9884933477166487,2.2310726743584217,1.0,0.13721006414823622,48.401789348710835,0.7372473238999689,0.557606490872211,0.979339606790247,0.7748714186521177,0.7448431961605704,0.5612494895875867,0.9884933477166487,4479.826858936122
"frozenset({'DNSRecord_Has_DNS_Record', 'URL_of_Anchor_greater_than_%67_Anchor'})",frozenset({'Result_Phishing'}),0.18308457711442785,0.44305744007236547,0.18091361374943465,0.9881422924901186,2.2302803273740834,1.0,0.09979662969638466,46.968822553897446,0.6752545676004872,0.4063388866314507,0.9787092810586749,0.6982361115370153,0.6352071108697679,0.4083299305839118,0.9881422924901186,2983.2606431568656
"frozenset({'URL_of_Anchor_greater_than_%67_Anchor', 'Statistical_report_Dont Belong to Top Phishing IPs/Domains'})",frozenset({'Result_Phishing'}),0.23645409317051108,0.44305744007236547,0.23364993215739485,0.9881407804131599,2.230276914550323,1.0,0.12888718694263562,46.96283392422047,0.7224518913661051,0.524041387705417,0.9787065660983405,0.757749442881141,0.7218753699752382,0.5273581053491221,0.9881407804131599,4122.169127637372
"frozenset({'having_IP_Address_no_IP', 'URL_of_Anchor_greater_than_%67_Anchor'})",frozenset({'Result_Phishing'}),0.17159656264133877,0.44305744007236547,0.16951605608322026,0.9878755930416446,2.2296783750664315,1.0,0.0934889223141314,45.93565374707462,0.6657442460977366,0.38081690713269667,0.9782304175857368,0.685240368999385,0.6147896261936311,0.38260514495712533,0.9878755930416446,2754.597422256866
"frozenset({'SFH_Empty_or_Blank', 'URL_of_Anchor_greater_than_%67_Anchor', 'Statistical_report_Dont Belong to Top Phishing IPs/Domains'})",frozenset({'Result_Phishing'}),0.2,0.44305744007236547,0.19755766621438264,0.9877883310719132,2.2294814209881584,1.0,0.10894617819990954,45.607407407407614,0.6893315018315017,0.4434517766497462,0.9780737372096802,0.7168423076347724,0.663664935339171,0.44589628419763166,0.9877883310719132,3323.4742880443273
"frozenset({'URL_of_Anchor_greater_than_%67_Anchor', 'Page_Rank_PageRank_Low'})",frozenset({'Result_Phishing'}),0.2423337856173677,0.44305744007236547,0.23934871099050203,0.9876819708846585,2.2292413613985094,1.0,0.13198092429182567,45.213609637761685,0.727783408810834,0.5366051510849725,0.9778827656537111,0.7639512345235868,0.730456053666095,0.5402204981625153,0.9876819708846585,4250.291814261849
"frozenset({'DNSRecord_Has_DNS_Record', 'SFH_Empty_or_Blank', 'URL_of_Anchor_greater_than_%67_Anchor'})",frozenset({'Result_Phishing'}),0.15884215287200362,0.44305744007236547,0.15685210312075984,0.9874715261958997,2.2287663785413785,1.0,0.08647590549370658,44.4541425105874,0.6554314418846491,0.3524390243902438,0.977504908574902,0.6707467880060756,0.5912585676665115,0.3540220498162515,0.9874715261958997,2507.4672933930665
"frozenset({'SFH_Empty_or_Blank', 'URL_of_Anchor_greater_than_%67_Anchor', 'Page_Rank_PageRank_Low'})",frozenset({'Result_Phishing'}),0.20506558118498416,0.44305744007236547,0.20244233378561738,0.9872077635641818,2.2281710547574582,1.0,0.11158650233884645,43.53754425365367,0.6933923218882845,0.4542317840470875,0.9770313182072486,0.7220644779437896,0.6716220279284029,0.4569211923233973,0.9872077635641818,3422.059538302614
"frozenset({'having_IP_Address_no_IP', 'URL_of_Anchor_greater_than_%67_Anchor', 'Page_Rank_PageRank_Low'})",frozenset({'Result_Phishing'}),0.15495251017639078,0.44305744007236547,0.152962460425147,0.9871570344424986,2.2280565569133977,1.0,0.08430959793360814,43.36557296163823,0.6522454248891045,0.3436991869918699,0.9769402331917852,0.6661999953755979,0.583788500153827,0.3452429563086974,0.9871570344424986,2431.9946218506493
"frozenset({'Google_Index_Indexed by Google', 'URL_of_Anchor_greater_than_%67_Anchor'})",frozenset({'Result_Phishing'}),0.24821347806422434,0.44305744007236547,0.24495703301673452,0.9868804664723032,2.2274323309210518,1.0,0.13498420483414103,42.45139956781748,0.7329907668060001,0.5488447507093637,0.9764436506173968,0.76987959624146,0.7386644806865766,0.5528787260106166,0.9868804664723032,4374.559376500651
"frozenset({'URL_of_Anchor_greater_than_%67_Anchor', 'Page_Rank_PageRank_Low', 'Statistical_report_Dont Belong to Top Phishing IPs/Domains'})",frozenset({'Result_Phishing'}),0.19185888738127543,0.44305744007236547,0.18932609678878334,0.9867986798679867,2.2272477349817463,1.0,0.10432158929050318,42.18839891451816,0.681830637607786,0.42488834754364585,0.9762968013546521,0.7070579761120253,0.6493659370845938,0.42731727235606365,0.9867986798679867,3144.615658204182
"frozenset({'SFH_Empty_or_Blank', 'URL_of_Anchor_greater_than_%67_Anchor', 'Page_Rank_PageRank_Low', 'Statistical_report_Dont Belong to Top Phishing IPs/Domains'})",frozenset({'Result_Phishing'}),0.16218905472636816,0.44305744007236547,0.16001809136137493,0.9866146123814835,2.2268322866225603,1.0,0.08815902396655347,41.60825041459359,0.6575846358974633,0.359406745225518,0.9759663049987495,0.6738912179914767,0.5969367238554085,0.36116782360146993,0.9866146123814835,2562.44339333378
"frozenset({'DNSRecord_Has_DNS_Record', 'Google_Index_Indexed by Google', 'URL_of_Anchor_greater_than_%67_Anchor'})",frozenset({'Result_Phishing'}),0.1608322026232474,0.44305744007236547,0.15866123925825418,0.9865016872890888,2.226577409755181,1.0,0.0874033352827982,41.26016131463881,0.6564601288924717,0.35635920357578216,0.975763546042046,0.6723035182055898,0.5943664956373218,0.35810534912209063,0.9865016872890888,2535.8437920526676
"frozenset({'SFH_Empty_or_Blank', 'Google_Index_Indexed by Google', 'URL_of_Anchor_greater_than_%67_Anchor'})",frozenset({'Result_Phishing'}),0.20967887833559476,0.44305744007236547,0.2067842605156038,0.9861949956859362,2.2258851934071098,1.0,0.11388447344299023,40.34352668475805,0.6968566522180035,0.46369168356997975,0.9752128759636226,0.7264580531716737,0.6784379291514597,0.4667211106574112,0.9861949956859362,3506.3807129258485
"frozenset({'DNSRecord_Has_DNS_Record', 'URL_of_Anchor_greater_than_%67_Anchor', 'Statistical_report_Dont Belong to Top Phishing IPs/Domains'})",frozenset({'Result_Phishing'}),0.1535052012663953,0.44305744007236547,0.15133423790140207,0.9858573954036535,2.2251232148198015,1.0,0.08332261639051974,39.380480174883054,0.6504312677863869,0.3399024786672084,0.9746067088171819,0.6637126911685478,0.5802907253708889,0.3415679869334422,0.9858573954036535,2393.683432279166
"frozenset({'Google_Index_Indexed by Google', 'URL_of_Anchor_greater_than_%67_Anchor', 'Statistical_report_Dont Belong to Top Phishing IPs/Domains'})",frozenset({'Result_Phishing'}),0.19819086386250565,0.44305744007236547,0.19538670284938942,0.985851209493382,2.2251092529500487,1.0,0.10757676606073698,39.36326286456279,0.6866769663390827,0.4382227632379793,0.9745956019082894,0.7134237672620034,0.6593608726741207,0.4409963250306247,0.985851209493382,3262.6511756025643
"frozenset({'URL_of_Anchor_greater_than_%67_Anchor', 'Google_Index_Indexed by Google', 'SFH_Empty_or_Blank', 'Statistical_report_Dont Belong to Top Phishing IPs/Domains'})",frozenset({'Result_Phishing'}),0.16752600633197648,0.44305744007236547,0.1650836725463591,0.9854211663066955,2.22413862668855,1.0,0.09086002903536672,38.202134110591956,0.6611470649088518,0.37055837563451777,0.9738234519279713,0.6790111139822574,0.6059446944614347,0.3726010616578195,0.9854211663066955,2652.0465205854093
"frozenset({'URL_of_Anchor_greater_than_%67_Anchor', 'Google_Index_Indexed by Google', 'Page_Rank_PageRank_Low'})",frozenset({'Result_Phishing'}),0.2,0.44305744007236547,0.19701492537313434,0.9850746268656716,2.2233564720293995,1.0,0.10840343735866123,37.315151515151406,0.6877869605142332,0.44169539647130407,0.9732012343673866,0.7148729606357758,0.6618416800223051,0.44467129440587994,0.9850746268656716,3290.4434415859323
"frozenset({'SFH_Empty_or_Blank', 'URL_of_Anchor_greater_than_%67_Anchor', 'Google_Index_Indexed by Google', 'Page_Rank_PageRank_Low'})",frozenset({'Result_Phishing'}),0.16843057440072365,0.44305744007236547,0.16580732700135686,0.9844253490870033,2.2218910237151532,1.0,0.09118290787745416,35.759553330526224,0.661319314269871,0.3720316622691293,0.97203544488498,0.6793298652335793,0.6069644236118934,0.3742343813801552,0.9844253490870033,2659.4739397303197
"frozenset({'URL_of_Anchor_greater_than_%67_Anchor', 'Google_Index_Indexed by Google', 'Page_Rank_PageRank_Low', 'Statistical_report_Dont Belong to Top Phishing IPs/Domains'})",frozenset({'Result_Phishing'}),0.1587516960651289,0.44305744007236547,0.1562189054726368,0.9840455840455841,2.2210338774242406,1.0,0.08588278540687458,34.908364024035706,0.653504118646917,0.35058871295168487,0.9713535701841696,0.6683192395523959,0.5890394565297484,0.3525928950592078,0.9840455840455841,2474.3320069584925
"frozenset({'URL_of_Anchor_greater_than_%67_Anchor', 'Domain_registeration_length_Domain_ShortTerm'})",frozenset({'Result_Phishing'}),0.1645409317051108,0.44305744007236547,0.161284486657621,0.9802089059923035,2.212374327428525,1.0,0.08838340266923268,28.141069903010226,0.6559231270162088,0.36137008512363195,0.9644647483750065,0.6721175195539304,0.5973455094782325,0.36402613311555737,0.9802089059923035,2545.8371014172844
"frozenset({'SSLfinal_State_No_HTTPS', 'Prefix_Suffix_Has_PrefixSuffix', 'Request_URL_ReqURL_HighExtContent'})",frozenset({'Result_Phishing'}),0.16318407960199005,0.44305744007236547,0.15223880597014924,0.9329268292682926,2.1056566144469118,1.0,0.07993888540112642,8.303507257102908,0.6274841864825778,0.3353257621040047,0.879568961760756,0.6382682329273272,0.5661825224841763,0.34360963658636173,0.9329268292682926,2096.5091524223944
"frozenset({'SSLfinal_State_No_HTTPS', 'Prefix_Suffix_Has_PrefixSuffix', 'age_of_domain_Domain_Age_Less_6Month', 'SFH_Empty_or_Blank'})",frozenset({'Result_Phishing'}),0.16562641338760742,0.44305744007236547,0.15314337403889644,0.9246313489896232,2.086933353017616,1.0,0.07976135931501574,7.389578458170283,0.6242144071630085,0.33617950754567116,0.8646742834302882,0.6351413176144522,0.5653317743373577,0.3456512862392814,0.9246313489896232,2062.4491732285196
"frozenset({'SSLfinal_State_No_HTTPS', 'Request_URL_ReqURL_HighExtContent'})",frozenset({'Result_Phishing'}),0.16562641338760742,0.44305744007236547,0.15223880597014924,0.9191698525395958,2.0746065169100105,1.0,0.07885679124626854,6.890282616402017,0.620802110694208,0.3335315101070154,0.8548680720846568,0.6313897445629788,0.5619925435379639,0.34360963658636173,0.9191698525395958,2015.9342513285235
"frozenset({'SSLfinal_State_No_HTTPS', 'Prefix_Suffix_Has_PrefixSuffix', 'age_of_domain_Domain_Age_Less_6Month'})",frozenset({'Result_Phishing'}),0.19629127091813658,0.44305744007236547,0.1786521935775667,0.9101382488479263,2.0542217927753827,1.0,0.09168388557602594,6.197771051502395,0.6385368598761957,0.3877871588454741,0.838651671433137,0.6566820276497696,0.6057980103748805,0.4032258064516129,0.9101382488479263,2387.122217084935
"frozenset({'SSLfinal_State_No_HTTPS', 'age_of_domain_Domain_Age_Less_6Month', 'SFH_Empty_or_Blank'})",frozenset({'Result_Phishing'}),0.1686114880144731,0.44305744007236547,0.15314337403889644,0.9082618025751074,2.0499865715532484,1.0,0.07843879979241165,6.0709996006146865,0.6160680827304607,0.33399092523180113,0.8352824796926769,0.6269565444071944,0.5603051492732278,0.3456512862392814,0.9082618025751074,1966.341772211623
"frozenset({'SSLfinal_State_No_HTTPS', 'Prefix_Suffix_Has_PrefixSuffix', 'SFH_Empty_or_Blank'})",frozenset({'Result_Phishing'}),0.264947987336047,0.44305744007236547,0.23781094527363184,0.897575964493001,2.0258681681237496,1.0,0.12042376825219733,5.437615860093472,0.68890970448603,0.505771450557907,0.8160958725791987,0.7171628291227765,0.6940991456998559,0.536749693752552,0.897575964493001,3336.0614059258637
"frozenset({'SSLfinal_State_No_HTTPS', 'age_of_domain_Domain_Age_Less_6Month'})",frozenset({'Result_Phishing'}),0.19963817277250112,0.44305744007236547,0.1786521935775667,0.8948799275033983,2.0197830948448483,1.0,0.09020101580825775,5.298156162759868,0.6308363471971067,0.38499025341130594,0.811255091529977,0.6490528669775055,0.6006984937927834,0.4032258064516129,0.8948799275033983,2281.293744311697
"frozenset({'SSLfinal_State_No_HTTPS', 'Prefix_Suffix_Has_PrefixSuffix', 'SFH_Empty_or_Blank', 'Page_Rank_PageRank_Low'})",frozenset({'Result_Phishing'}),0.20434192672998644,0.44305744007236547,0.18218000904568069,0.8915449313855688,2.0122558628965828,1.0,0.09164479808923802,5.135237726026636,0.6322380444663616,0.391600233326852,0.805267048313702,0.651366585741784,0.6054690671741402,0.41118824009799915,0.8915449313855688,2314.301760365516
"frozenset({'SSLfinal_State_No_HTTPS', 'DNSRecord_Has_DNS_Record', 'Prefix_Suffix_Has_PrefixSuffix', 'SFH_Empty_or_Blank'})",frozenset({'Result_Phishing'}),0.17431026684758028,0.44305744007236547,0.15440976933514247,0.8858329008822003,1.999363560484427,1.0,0.07718030872732264,4.878310513547964,0.6053615776046151,0.33352872215709267,0.7950109987417127,0.6171712483177845,0.5556269127674518,0.3485095957533687,0.8858329008822003,1854.2209199718864
"frozenset({'SSLfinal_State_No_HTTPS', 'Prefix_Suffix_Has_PrefixSuffix', 'Google_Index_Indexed by Google', 'SFH_Empty_or_Blank'})",frozenset({'Result_Phishing'}),0.2151967435549525,0.44305744007236547,0.19023066485753054,0.883984867591425,1.9951924686041655,1.0,0.09488614654616398,4.800602717637113,0.6355672164312459,0.4064553536915347,0.7916928230019821,0.6566718948002042,0.6160736886292971,0.42935892200898323,0.883984867591425,2388.3470482167395
"frozenset({'SSLfinal_State_No_HTTPS', 'Prefix_Suffix_Has_PrefixSuffix', 'SFH_Empty_or_Blank', 'Statistical_report_Dont Belong to Top Phishing IPs/Domains'})",frozenset({'Result_Phishing'}),0.21971958389868837,0.44305744007236547,0.19421076436001808,0.8839028406751749,1.9950073302703262,1.0,0.09686236798409988,4.797210915121359,0.6391916273101619,0.41447876447876436,0.7915455422550037,0.6611225105785021,0.6224563426583739,0.43834218048182927,0.8839028406751749,2451.7658707516225
"frozenset({'SSLfinal_State_No_HTTPS', 'Prefix_Suffix_Has_PrefixSuffix'})",frozenset({'Result_Phishing'}),0.31252826775214837,0.44305744007236547,0.27598371777476255,0.8830680173661359,1.9931230975873075,1.0,0.1375157435142449,4.762961743935583,0.7247932084389933,0.5754432289701998,0.7900466025633641,0.7529876632359467,0.7416667192579804,0.6229073091057574,0.8830680173661359,3943.2017562432466
"frozenset({'SSLfinal_State_No_HTTPS', 'Prefix_Suffix_Has_PrefixSuffix', 'Page_Rank_PageRank_Low'})",frozenset({'Result_Phishing'}),0.24007236544549979,0.44305744007236547,0.21058344640434193,0.8771665410700829,1.9798032077439291,1.0,0.10421759873794138,4.534127466404729,0.6512452903045823,0.4456355283307809,0.7794503997936927,0.6762312901348781,0.6456886112431347,0.47529603919967334,0.8771665410700829,2667.2026964425954
"frozenset({'SSLfinal_State_No_HTTPS', 'SFH_Empty_or_Blank'})",frozenset({'Result_Phishing'}),0.27281772953414746,0.44305744007236547,0.23781094527363184,0.8716843501326259,1.9674296632740258,1.0,0.11693702041987748,4.340410234474792,0.6762027035281737,0.497445600756859,0.769607031137921,0.704217021942589,0.6840148448554164,0.536749693752552,0.8716843501326259,3087.9942397258674
"frozenset({'SSLfinal_State_No_HTTPS', 'Prefix_Suffix_Has_PrefixSuffix', 'Statistical_report_Dont Belong to Top Phishing IPs/Domains'})",frozenset({'Result_Phishing'}),0.2598824061510629,0.44305744007236547,0.2261420171867933,0.8701705534284718,1.9640129579730004,1.0,0.1109991835976566,4.2898015406758505,0.6631897335614763,0.4742933029785618,0.7668889829708878,0.6902914833291808,0.6664426847801804,0.5104124132298897,0.8701705534284718,2869.790990884513
"frozenset({'SSLfinal_State_No_HTTPS', 'Prefix_Suffix_Has_PrefixSuffix', 'DNSRecord_Has_DNS_Record'})",frozenset({'Result_Phishing'}),0.20669380370872908,0.44305744007236547,0.17946630483943918,0.8682713347921226,1.959726338531424,1.0,0.08788907728942967,4.227952655929054,0.6173211231470924,0.38161184843239077,0.7634789030578066,0.6366673129656816,0.5930470845327195,0.4050632911392405,0.8682713347921226,2110.5216527731554
"frozenset({'SFH_Empty_or_Blank', 'SSLfinal_State_No_HTTPS', 'Prefix_Suffix_Has_PrefixSuffix', 'Google_Index_Indexed by Google', 'Statistical_report_Dont Belong to Top Phishing IPs/Domains'})",frozenset({'Result_Phishing'}),0.1784712799638173,0.44305744007236547,0.15486205336951606,0.8677141409021794,1.9584687275772952,1.0,0.07578902494230871,4.210144332326522,0.595715027362329,0.33184725722039154,0.7624784517904162,0.6086222807410039,0.5507199729559509,0.34953042057982847,0.8677141409021794,1755.1322908601958
"frozenset({'SSLfinal_State_No_HTTPS', 'Prefix_Suffix_Has_PrefixSuffix', 'Google_Index_Indexed by Google'})",frozenset({'Result_Phishing'}),0.2560832202623247,0.44305744007236547,0.22216191768430574,0.8675379724478983,1.9580711076789536,1.0,0.10870234166939244,4.204545032413691,0.657725878179698,0.4657690119476579,0.762162138283501,0.684483563602471,0.659551993586699,0.5014291547570436,0.8675379724478983,2778.8213596755427
"frozenset({'SSLfinal_State_No_HTTPS', 'SFH_Empty_or_Blank', 'Page_Rank_PageRank_Low'})",frozenset({'Result_Phishing'}),0.21067390321121665,0.44305744007236547,0.18218000904568069,0.8647488192357234,1.9517758670173382,1.0,0.08883936879886574,4.117838800226858,0.617800539473741,0.3863418377134088,0.7571541654459839,0.6379685296668614,0.5963007170114422,0.41118824009799915,0.8647488192357234,2126.336680916607
"frozenset({'SSLfinal_State_No_HTTPS', 'Prefix_Suffix_Has_PrefixSuffix', 'having_IP_Address_no_IP'})",frozenset({'Result_Phishing'}),0.19421076436001808,0.44305744007236547,0.16788783355947534,0.864462040055892,1.9511285938787026,1.0,0.08184130946762834,4.109126034930006,0.6049672756375516,0.3576797070726537,0.7566392484680666,0.6216961078188811,0.5723379706277059,0.3789301755818701,0.864462040055892,1917.5146295520767
"frozenset({'SSLfinal_State_No_HTTPS', 'Prefix_Suffix_Has_PrefixSuffix', 'Page_Rank_PageRank_Low', 'Statistical_report_Dont Belong to Top Phishing IPs/Domains'})",frozenset({'Result_Phishing'}),0.1983717774762551,0.44305744007236547,0.17141564902758932,0.8641130870953032,1.9503409918004444,1.0,0.08352555711635481,4.098573939333229,0.6078492916004952,0.3647036181678214,0.7560126973913557,0.6255028481617798,0.5782032228676915,0.3868926092282564,0.8641130870953032,1965.5051432997568
"frozenset({'SSLfinal_State_No_HTTPS', 'DNSRecord_Has_DNS_Record', 'SFH_Empty_or_Blank'})",frozenset({'Result_Phishing'}),0.17937584803256446,0.44305744007236547,0.15440976933514247,0.8608169440242057,1.942901452876193,1.0,0.0749359652950248,4.001511218610504,0.591386269732784,0.3299188248936993,0.7500944154925441,0.6046632698887873,0.5477252643246668,0.3485095957533687,0.8608169440242057,1709.0731692127324
"frozenset({'SSLfinal_State_No_HTTPS', 'Google_Index_Indexed by Google', 'SFH_Empty_or_Blank'})",frozenset({'Result_Phishing'}),0.22152872003618274,0.44305744007236547,0.19023066485753054,0.8587178440179665,1.9381636924496977,1.0,0.09208071725579169,3.9420587550947297,0.621792634030223,0.4010297482837529,0.7463254451224004,0.6440383830134748,0.6072052106309961,0.42935892200898323,0.8587178440179665,2202.6883767371387
frozenset({'SSLfinal_State_No_HTTPS'}),frozenset({'Result_Phishing'}),0.3217548620533695,0.44305744007236547,0.27598371777476255,0.8577452909755412,1.9359685977408345,1.0,0.13342783226255958,3.915108074432008,0.7128140977438843,0.5645817912657292,0.7445792093121013,0.7403263000406493,0.7309554097889347,0.6229073091057574,0.8577452909755412,3654.848331256147
"frozenset({'SSLfinal_State_No_HTTPS', 'Prefix_Suffix_Has_PrefixSuffix', 'Google_Index_Indexed by Google', 'Page_Rank_PageRank_Low'})",frozenset({'Result_Phishing'}),0.18968792401628223,0.44305744007236547,0.16255088195386702,0.8569384835479256,1.9341475981262386,1.0,0.07850823592657163,3.8930284938941644,0.5960374904814565,0.34570988841862255,0.7431305726201587,0.6119114630887852,0.5607115104083147,0.3668844426296447,0.8569384835479256,1796.498045597669
"frozenset({'SSLfinal_State_No_HTTPS', 'DNSRecord_Has_DNS_Record', 'Prefix_Suffix_Has_PrefixSuffix', 'Statistical_report_Dont Belong to Top Phishing IPs/Domains'})",frozenset({'Result_Phishing'}),0.17973767526006332,0.44305744007236547,0.15368611488014472,0.8550578761952692,1.9299029851651082,1.0,0.07405200059486293,3.8425168978340603,0.5874209069244135,0.3276128037022753,0.7397539095888745,0.6009670761131511,0.5446093020557206,0.34687627603103305,0.8550578761952692,1666.364531680155
"frozenset({'SSLfinal_State_No_HTTPS', 'SFH_Empty_or_Blank', 'Statistical_report_Dont Belong to Top Phishing IPs/Domains'})",frozenset({'Result_Phishing'}),0.22758932609678878,0.44305744007236547,0.19421076436001808,0.8533386327503975,1.9260225775940472,1.0,0.09337562015178004,3.7974728476366626,0.6224606974667259,0.40763242832732105,0.7366669782451915,0.6458404066161134,0.611599801315527,0.43834218048182927,0.8533386327503975,2222.0567580628644
"frozenset({'SSLfinal_State_No_HTTPS', 'DNSRecord_Has_DNS_Record', 'Google_Index_Indexed by Google', 'Prefix_Suffix_Has_PrefixSuffix'})",frozenset({'Result_Phishing'}),0.17684305744007237,0.44305744007236547,0.15079149706015377,0.8526854219948848,1.9245482523792266,1.0,0.07243986473618502,3.780634391175434,0.5836038286848124,0.3214423447743926,0.7354941270348305,0.5965142095682876,0.5387072601522707,0.3403429971416904,0.8526854219948848,1615.0014149111248
"frozenset({'SSLfinal_State_No_HTTPS', 'Prefix_Suffix_Has_PrefixSuffix', 'Google_Index_Indexed by Google', 'Statistical_report_Dont Belong to Top Phishing IPs/Domains'})",frozenset({'Result_Phishing'}),0.212483039348711,0.44305744007236547,0.18109452736318407,0.8522775649212431,1.9236277011442102,1.0,0.08695233589054847,3.7701961765706438,0.6096997420222781,0.3816968541468065,0.7347618126042459,0.6305079127178694,0.5902189842435086,0.4087382605144957,0.8522775649212431,2024.2615552328093
"frozenset({'SSLfinal_State_No_HTTPS', 'Page_Rank_PageRank_Low'})",frozenset({'Result_Phishing'}),0.24767073722297603,0.44305744007236547,0.21058344640434193,0.8502556610664719,1.9190641758043785,1.0,0.10085108358949466,3.719289583126496,0.636573250581449,0.43858327053504137,0.7311314492593547,0.6627758501330726,0.6357068097889105,0.47529603919967334,0.8502556610664719,2445.4950737061163
"frozenset({'SSLfinal_State_No_HTTPS', 'Google_Index_Indexed by Google'})",frozenset({'Result_Phishing'}),0.26322930800542743,0.44305744007236547,0.22216191768430574,0.8439862542955325,1.9049138508038204,1.0,0.10553621432740085,3.569830064734395,0.6447621789911278,0.45889387144992516,0.7198746209577899,0.6727077045262881,0.6505377115263743,0.5014291547570436,0.8439862542955325,2572.9108922840214
"frozenset({'SSLfinal_State_No_HTTPS', 'DNSRecord_Has_DNS_Record'})",frozenset({'Result_Phishing'}),0.21275440976933513,0.44305744007236547,0.17946630483943918,0.8435374149659864,1.9039008008266598,1.0,0.08520388068293049,3.559589404754883,0.6030679076180626,0.37675655146221043,0.7190687221778431,0.6243003530526134,0.5845391702060775,0.4050632911392405,0.8435374149659864,1941.8614939510287
"frozenset({'SSLfinal_State_No_HTTPS', 'Statistical_report_Dont Belong to Top Phishing IPs/Domains'})",frozenset({'Result_Phishing'}),0.2683853459972863,0.44305744007236547,0.2261420171867933,0.8426019548365352,1.9017894264430169,1.0,0.10723189283629955,3.5384337800969843,0.648127299703264,0.4659832246039142,0.7173890873343993,0.6765071840332124,0.6558006535223478,0.5104124132298897,0.8426019548365352,2623.5844931736874
"frozenset({'SSLfinal_State_No_HTTPS', 'having_IP_Address_no_IP'})",frozenset({'Result_Phishing'}),0.20027137042062415,0.44305744007236547,0.16788783355947534,0.8383017163504968,1.8920836002970072,1.0,0.07915611286112915,3.4443319208932466,0.5895526426640768,0.3531202435312024,0.7096679347498362,0.6086159459661834,0.563611405639805,0.3789301755818701,0.8383017163504968,1752.6520729208364
"frozenset({'SSLfinal_State_No_HTTPS', 'Google_Index_Indexed by Google', 'SFH_Empty_or_Blank', 'Statistical_report_Dont Belong to Top Phishing IPs/Domains'})",frozenset({'Result_Phishing'}),0.1848032564450475,0.44305744007236547,0.15486205336951606,0.8379833578071463,1.8913650511551656,1.0,0.07298359565193643,3.4375638970760023,0.5781197499906665,0.3274048575253395,0.7090963164784801,0.5937568891934873,0.5412029891761766,0.34953042057982847,0.8379833578071463,1584.0422522790332
"frozenset({'SSLfinal_State_No_HTTPS', 'Page_Rank_PageRank_Low', 'Statistical_report_Dont Belong to Top Phishing IPs/Domains'})",frozenset({'Result_Phishing'}),0.2052464947987336,0.44305744007236547,0.17141564902758932,0.8351696782723667,1.8850144535118443,1.0,0.08047966245823633,3.3788841403096326,0.5907493151433648,0.3594461305007587,0.7040443062044849,0.6110311437503115,0.5684373105058458,0.3868926092282564,0.8351696782723667,1778.9035324131235
"frozenset({'SSLfinal_State_No_HTTPS', 'Google_Index_Indexed by Google', 'Page_Rank_PageRank_Low'})",frozenset({'Result_Phishing'}),0.195838986883763,0.44305744007236547,0.16255088195386702,0.8300230946882217,1.8733983895014883,1.0,0.07578296175878142,3.2765778321829577,0.579747961387965,0.34124572730725405,0.6948035263567144,0.5984537686589332,0.5518356281216545,0.3668844426296447,0.8300230946882217,1633.7638678635499
"frozenset({'SSLfinal_State_No_HTTPS', 'DNSRecord_Has_DNS_Record', 'Statistical_report_Dont Belong to Top Phishing IPs/Domains'})",frozenset({'Result_Phishing'}),0.1854364540931705,0.44305744007236547,0.15368611488014472,0.828780487804878,1.8705937714746683,1.0,0.07152711423352788,3.252798426927779,0.5713616691269875,0.32368070108592106,0.692572404203821,0.5878283819179555,0.5361756141945837,0.34687627603103305,0.828780487804878,1517.4333654024822
"frozenset({'SSLfinal_State_No_HTTPS', 'DNSRecord_Has_DNS_Record', 'Google_Index_Indexed by Google'})",frozenset({'Result_Phishing'}),0.18218000904568069,0.44305744007236547,0.15079149706015377,0.8277060575968223,1.8681687355518313,1.0,0.0700752886200141,3.2325138780814293,0.5682380612695069,0.31782650142993324,0.6906432461804239,0.5840245273692564,0.5307579112880326,0.3403429971416904,0.8277060575968223,1476.5890881130422
"frozenset({'SSLfinal_State_No_HTTPS', 'Google_Index_Indexed by Google', 'Statistical_report_Dont Belong to Top Phishing IPs/Domains'})",frozenset({'Result_Phishing'}),0.21926729986431479,0.44305744007236547,0.18109452736318407,0.8259075907590759,1.864109517321679,1.0,0.08394651879372103,3.199120296835513,0.5937382047913851,0.37631578947368416,0.6874140678644769,0.6173229256367858,0.5810163784202496,0.4087382605144957,0.8259075907590759,1844.2400526607737
"frozenset({'Prefix_Suffix_Has_PrefixSuffix', 'SFH_Empty_or_Blank', 'Request_URL_ReqURL_HighExtContent', 'Page_Rank_PageRank_Low'})",frozenset({'Result_Phishing'}),0.2344640434192673,0.44305744007236547,0.17575757575757575,0.7496141975308642,1.6919119954478774,1.0,0.07187653689121923,2.224337619926701,0.5342044438054929,0.3502794303226969,0.5504279606470203,0.5731533625465672,0.5453130758702577,0.3966925275622703,0.7496141975308642,1289.4982287309979
"frozenset({'Prefix_Suffix_Has_PrefixSuffix', 'SFH_Empty_or_Blank', 'Links_in_tags_greater_than_%81_Anchor'})",frozenset({'Result_Phishing'}),0.26250565355042965,0.44305744007236547,0.1921302578018996,0.731909028256375,1.6519506548334475,1.0,0.07582517493532298,2.077438700398453,0.535129582700717,0.37420718816067655,0.5186380229615439,0.5827777072682447,0.563373504159689,0.4336463862801143,0.731909028256375,1330.5089227454453
"frozenset({'Links_in_tags_greater_than_%81_Anchor', 'Prefix_Suffix_Has_PrefixSuffix', 'SFH_Empty_or_Blank', 'Statistical_report_Dont Belong to Top Phishing IPs/Domains'})",frozenset({'Result_Phishing'}),0.2302125734961556,0.44305744007236547,0.16797829036635006,0.7296660117878192,1.6468880686636058,1.0,0.06598089688067207,2.0602017660113803,0.5102631956955197,0.332438238453276,0.5146106480939323,0.5544001761674906,0.5259671493533152,0.37913434054716205,0.7296660117878192,1100.588276551215
"frozenset({'Prefix_Suffix_Has_PrefixSuffix', 'Request_URL_ReqURL_HighExtContent', 'SFH_Empty_or_Blank'})",frozenset({'Result_Phishing'}),0.3008593396653098,0.44305744007236547,0.21592039800995025,0.7176788935658449,1.6198326191038006,1.0,0.08262242915597579,1.9727273208938367,0.5473179944651027,0.40894295014562265,0.49308756998057746,0.6025103328588718,0.5914007979588739,0.4873417721518987,0.7176788935658449,1453.9724131944636
"frozenset({'Prefix_Suffix_Has_PrefixSuffix', 'Domain_registeration_length_Domain_LongTerm', 'SFH_Empty_or_Blank'})",frozenset({'Result_Phishing'}),0.25409317051108093,0.44305744007236547,0.18136589778380824,0.7137771448914205,1.6110262018731427,1.0,0.06878802811729766,1.945835386612843,0.5084785610555228,0.3516310066643283,0.4860819127455991,0.561563950150896,0.5405415927160104,0.4093507554103716,0.7137771448914205,1118.5011899841975
"frozenset({'Prefix_Suffix_Has_PrefixSuffix', 'Google_Index_Indexed by Google', 'SFH_Empty_or_Blank', 'Links_in_tags_greater_than_%81_Anchor'})",frozenset({'Result_Phishing'}),0.2161013116236997,0.44305744007236547,0.1541383989145183,0.7132691502720803,1.6098796358223453,1.0,0.058393104990241404,1.9423879936746253,0.4832710587705012,0.3052122514777001,0.4851697996195951,0.5305831255647866,0.4981408129341985,0.3478971008574928,0.7132691502720803,901.7665122693016
"frozenset({'Prefix_Suffix_Has_PrefixSuffix', 'SFH_Empty_or_Blank', 'having_Sub_Domain_One_SubDomain'})",frozenset({'Result_Phishing'}),0.24676616915422886,0.44305744007236547,0.17557666214382633,0.7115102639296188,1.6059097524993744,1.0,0.06624507494188939,1.9305454936246342,0.5009068716026345,0.341424802110818,0.48201168876757117,0.5538972307806527,0.5309993164289936,0.39628419763168643,0.7115102639296188,1057.7427585091361
"frozenset({'Prefix_Suffix_Has_PrefixSuffix', 'web_traffic_Medium_Traffic'})",frozenset({'Result_Phishing'}),0.21854364540931706,0.44305744007236547,0.15540479421076436,0.7110927152317881,1.6049673268451239,1.0,0.05857740613162958,1.9277553363684312,0.4823485719591192,0.3070050035739814,0.4812619728581155,0.5309240628016841,0.4994192799075413,0.3507554103715802,0.7110927152317881,900.1308976876586
"frozenset({'Prefix_Suffix_Has_PrefixSuffix', 'web_traffic_Low_Traffic'})",frozenset({'Result_Phishing'}),0.21537765716870194,0.44305744007236547,0.15133423790140207,0.7026459470810583,1.5859026020786238,1.0,0.05590956446745343,1.8729946824684993,0.47085614668869763,0.29843025330003564,0.4660956545364787,0.5221069670072502,0.4898993383047369,0.3415679869334422,0.7026459470810583,828.7035608066718
"frozenset({'Prefix_Suffix_Has_PrefixSuffix', 'Request_URL_ReqURL_HighExtContent', 'SFH_Empty_or_Blank', 'Statistical_report_Dont Belong to Top Phishing IPs/Domains'})",frozenset({'Result_Phishing'}),0.2522840343735866,0.44305744007236547,0.1764812302125735,0.6995338831122266,1.578878537730842,1.0,0.06470491177188357,1.8535952262985356,0.49034536316378424,0.3401324965132497,0.46050788984987256,0.5489298651984162,0.527865917345464,0.39832584728460596,0.6995338831122266,994.3433725400095
"frozenset({'Prefix_Suffix_Has_PrefixSuffix', 'Domain_registeration_length_Domain_LongTerm', 'SFH_Empty_or_Blank', 'Statistical_report_Dont Belong to Top Phishing IPs/Domains'})",frozenset({'Result_Phishing'}),0.21700587969244686,0.44305744007236547,0.15169606512890094,0.6990412671946644,1.5777666820818732,1.0,0.05554999559171371,1.850561220590575,0.4676825998586948,0.29839857651245544,0.45962338944892234,0.5207129569946372,0.48922489446398953,0.34238464679461,0.6990412671946644,813.6288915673824
"frozenset({'Prefix_Suffix_Has_PrefixSuffix', 'Request_URL_ReqURL_HighExtContent', 'Google_Index_Indexed by Google', 'SFH_Empty_or_Blank'})",frozenset({'Result_Phishing'}),0.24622342831298055,0.44305744007236547,0.17096336499321574,0.6943423952975754,1.5671611229103093,1.0,0.06187224315902498,1.82211255784017,0.48012041116565285,0.3298429319371728,0.45118648367950226,0.540107089849686,0.5176167878453064,0.38587178440179665,0.6943423952975754,924.0767007152318
"frozenset({'Prefix_Suffix_Has_PrefixSuffix', 'Request_URL_ReqURL_HighExtContent', 'Page_Rank_PageRank_Low'})",frozenset({'Result_Phishing'}),0.2840343735866124,0.44305744007236547,0.19475350520126639,0.6856687898089172,1.5475844163612862,1.0,0.068909962747424,1.7718334733260106,0.49420206977350795,0.36584536958368724,0.4356128749939223,0.5626179800412491,0.5489968029790488,0.439567170273581,0.6856687898089172,1046.1386870669064
"frozenset({'Prefix_Suffix_Has_PrefixSuffix', 'Page_Rank_PageRank_Low', 'Links_in_tags_greater_than_%81_Anchor'})",frozenset({'Result_Phishing'}),0.23934871099050203,0.44305744007236547,0.16408864767073722,0.6855631141345427,1.547345901747115,1.0,0.058043420494664946,1.7712379970775494,0.4650384432178313,0.3165794066317626,0.4354231324926701,0.5279591805870754,0.5038867893649739,0.370355247039608,0.6855631141345427,829.0440419125518
"frozenset({'Prefix_Suffix_Has_PrefixSuffix', 'Domain_registeration_length_Domain_LongTerm', 'Page_Rank_PageRank_Low'})",frozenset({'Result_Phishing'}),0.23690637720488467,0.44305744007236547,0.16218905472636816,0.6846124474990455,1.545200205614934,1.0,0.05722592170515377,1.7658989884388319,0.4623740260646945,0.3132424877707896,0.4337161941045879,0.5253401151337612,0.5006141834903161,0.3660677827684769,0.6846124474990455,811.557551303762
"frozenset({'Prefix_Suffix_Has_PrefixSuffix', 'having_Sub_Domain_One_SubDomain'})",frozenset({'Result_Phishing'}),0.30067842605156037,0.44305744007236547,0.2037087290818634,0.677496991576414,1.5291403107140171,1.0,0.07049091535047103,1.7269375645517324,0.49481924746235134,0.3772194304857622,0.4209402699167218,0.5686382467069493,0.5581211600391066,0.45977950183748467,0.677496991576414,1058.7060911308429
"frozenset({'Prefix_Suffix_Has_PrefixSuffix', 'DNSRecord_Has_DNS_Record', 'Links_in_tags_greater_than_%81_Anchor'})",frozenset({'Result_Phishing'}),0.22550881953867027,0.44305744007236547,0.15269109000452283,0.6770958684316085,1.5282349582505985,1.0,0.05277772970597855,1.7247923004963888,0.44629347021059657,0.29598456952481145,0.4202200463718421,0.5108631649222151,0.4830609294471044,0.3446304614128215,0.6770958684316085,714.5122962991829
"frozenset({'SFH_Empty_or_Blank', 'Request_URL_ReqURL_HighExtContent', 'Page_Rank_PageRank_Low'})",frozenset({'Result_Phishing'}),0.26096788783355945,0.44305744007236547,0.17575757575757575,0.6734835355285962,1.52008176506097,1.0,0.06013381143294669,1.7057104940458871,0.46295776005382283,0.33270547945205475,0.4137340401605702,0.5350880315454333,0.5168809205033718,0.3966925275622703,0.6734835355285962,839.9924618908801
"frozenset({'Request_URL_ReqURL_HighExtContent', 'Prefix_Suffix_Has_PrefixSuffix', 'Domain_registeration_length_Domain_LongTerm'})",frozenset({'Result_Phishing'}),0.24848484848484848,0.44305744007236547,0.1670737222976029,0.6723698580269385,1.5175681462817077,1.0,0.05698066143113632,1.6999124579124578,0.4538178737970903,0.3185581234908589,0.4117344129426352,0.5247312744605905,0.503533275007281,0.3770926908942425,0.6723698580269385,778.9429035317185
"frozenset({'SFH_Empty_or_Blank', 'Links_in_tags_greater_than_%81_Anchor'})",frozenset({'Result_Phishing'}),0.2872003618272275,0.44305744007236547,0.1921302578018996,0.6689763779527559,1.509908913488713,1.0,0.06488400070287106,1.6824858494483725,0.473777447971933,0.35703479576399394,0.4056413607711087,0.551311382116435,0.5386085673343607,0.4336463862801143,0.6689763779527559,921.3212613453419
frozenset({'web_traffic_Medium_Traffic'}),frozenset({'Result_Phishing'}),0.2323835368611488,0.44305744007236547,0.15540479421076436,0.6687427014402492,1.509381495390354,1.0,0.0524455392541016,1.6812989852574538,0.4396426957555511,0.29883457992694384,0.40522179055091023,0.5097490559059147,0.4843192342625613,0.3507554103715802,0.6687427014402492,690.8054874154769
"frozenset({'Prefix_Suffix_Has_PrefixSuffix', 'Google_Index_Indexed by Google', 'having_Sub_Domain_One_SubDomain'})",frozenset({'Result_Phishing'}),0.25816372682044325,0.44305744007236547,0.17250113071008594,0.6681850035038542,1.5081227467813614,1.0,0.05811977078547888,1.6784731425907802,0.4541756869406043,0.3262617621899058,0.4042204342593972,0.5287637961578071,0.5100518395902376,0.38934258881175987,0.6681850035038542,790.1923210162317
"frozenset({'SFH_Empty_or_Blank', 'Statistical_report_Dont Belong to Top Phishing IPs/Domains', 'Links_in_tags_greater_than_%81_Anchor'})",frozenset({'Result_Phishing'}),0.2526458616010855,0.44305744007236547,0.16797829036635006,0.664876476906552,1.5006552576974137,1.0,0.056041661680495986,1.6619023182456014,0.44640741874842826,0.31830647925951316,0.39827991752508246,0.5220054087268571,0.5020732064323749,0.37913434054716205,0.664876476906552,745.1980015697925
"frozenset({'Prefix_Suffix_Has_PrefixSuffix', 'Links_in_tags_greater_than_%81_Anchor'})",frozenset({'Result_Phishing'}),0.32546359113523293,0.44305744007236547,0.21592039800995025,0.6634241245136187,1.4973772348913952,1.0,0.07172133248481494,1.6547310740046481,0.4924354176063979,0.3907349811753151,0.39567219368167195,0.5753829483327587,0.5686073236679148,0.4873417721518987,0.6634241245136187,1049.7290042401667
"frozenset({'Prefix_Suffix_Has_PrefixSuffix', 'Request_URL_ReqURL_HighExtContent', 'Page_Rank_PageRank_Low', 'Statistical_report_Dont Belong to Top Phishing IPs/Domains'})",frozenset({'Result_Phishing'}),0.23952962460425148,0.44305744007236547,0.15857078245137946,0.6620090634441087,1.49418338023165,1.0,0.05244540015272511,1.647803238757962,0.43491254367862703,0.30260659416537194,0.39313142705451054,0.5099551238004537,0.4867584901459653,0.35790118415679867,0.6620090634441087,676.4903073722458
"frozenset({'Prefix_Suffix_Has_PrefixSuffix', 'having_Sub_Domain_One_SubDomain', 'Statistical_report_Dont Belong to Top Phishing IPs/Domains'})",frozenset({'Result_Phishing'}),0.2506558118498417,0.44305744007236547,0.16580732700135686,0.6614940454709491,1.4930209621644226,1.0,0.054752404663905505,1.6452961978246006,0.4406747190503624,0.3140849897189857,0.3922067033752384,0.5178642134255522,0.4975478016165652,0.3742343813801552,0.6614940454709491,715.0486305544736
"frozenset({'Prefix_Suffix_Has_PrefixSuffix', 'Domain_registeration_length_Domain_LongTerm'})",frozenset({'Result_Phishing'}),0.30312075983717773,0.44305744007236547,0.19972862957937584,0.6589077887197852,1.4871836676801193,1.0,0.06542872169312558,1.6328211008902043,0.47007871405029555,0.36550240026485686,0.3875630346430445,0.5548520160422119,0.5450074824060493,0.4507962433646386,0.6589077887197852,907.9291688638864
"frozenset({'Prefix_Suffix_Has_PrefixSuffix', 'age_of_domain_Domain_Age_Less_6Month', 'SFH_Empty_or_Blank'})",frozenset({'Result_Phishing'}),0.3154228855721393,0.44305744007236547,0.20732700135685211,0.6572985374247204,1.483551517196873,1.0,0.0675765451350214,1.6251537292616418,0.47612144364625175,0.37616937469226985,0.3846735961069164,0.5626223189369417,0.5545992133233115,0.4679461004491629,0.6572985374247204,947.4683218014023
"frozenset({'Prefix_Suffix_Has_PrefixSuffix', 'Statistical_report_Dont Belong to Top Phishing IPs/Domains', 'Links_in_tags_greater_than_%81_Anchor'})",frozenset({'Result_Phishing'}),0.2876526458616011,0.44305744007236547,0.18887381275440976,0.6566037735849056,1.4819834048552738,1.0,0.061427167848926045,1.621865696492562,0.45655902207626325,0.34858096828046736,0.3834261356149312,0.5414501105572548,0.5290631872600641,0.4262964475296039,0.6566037735849056,824.9907934912567
"frozenset({'Prefix_Suffix_Has_PrefixSuffix', 'Request_URL_ReqURL_HighExtContent'})",frozenset({'Result_Phishing'}),0.3691542288557214,0.44305744007236547,0.24197195838986885,0.6554765988728253,1.4794393222823772,1.0,0.07841543076116478,1.6165594502593716,0.5137044134555855,0.4243337563451776,0.3814022739222159,0.6008089405144037,0.5983166637589556,0.546141282155982,0.6554765988728253,1182.9334899071516
"frozenset({'SFH_Empty_or_Blank', 'having_Sub_Domain_One_SubDomain'})",frozenset({'Result_Phishing'}),0.26820443238353686,0.44305744007236547,0.17557666214382633,0.654637436762226,1.4775452967346687,1.0,0.05674669291591465,1.6126315333842152,0.44165585641695787,0.3277608915906789,0.37989554383732466,0.5254608171969561,0.5093353231094252,0.39628419763168643,0.654637436762226,735.0446047596001
"frozenset({'Domain_registeration_length_Domain_LongTerm', 'SFH_Empty_or_Blank'})",frozenset({'Result_Phishing'}),0.2784260515603799,0.44305744007236547,0.18136589778380824,0.6513970110461339,1.4702315143150286,1.0,0.05800716413000988,1.5976413788045287,0.44324634071084046,0.3357896499748786,0.3740773034131899,0.5303738832282527,0.5163815048428759,0.4093507554103716,0.6513970110461339,750.3447713304895
"frozenset({'Prefix_Suffix_Has_PrefixSuffix', 'Request_URL_ReqURL_HighExtContent', 'Google_Index_Indexed by Google', 'Page_Rank_PageRank_Low'})",frozenset({'Result_Phishing'}),0.23147896879240162,0.44305744007236547,0.15024875621890546,0.6490816725283314,1.4650056941201925,1.0,0.04769027687515302,1.5871002348049184,0.41301250522964505,0.28657694962042785,0.3699200730551735,0.49409983993913503,0.4691644523993407,0.3391180073499387,0.6490816725283314,572.7705738156019
"frozenset({'Request_URL_ReqURL_HighExtContent', 'SFH_Empty_or_Blank'})",frozenset({'Result_Phishing'}),0.33351424694708276,0.44305744007236547,0.21592039800995025,0.6474098182804449,1.461232246037223,1.0,0.06815442952991302,1.5795747834255298,0.47359765641524587,0.3851242336237496,0.3669182298343865,0.5673757952161718,0.5617026332049109,0.4873417721518987,0.6474098182804449,936.2055668234533
"frozenset({'Prefix_Suffix_Has_PrefixSuffix', 'Google_Index_Indexed by Google', 'Links_in_tags_greater_than_%81_Anchor'})",frozenset({'Result_Phishing'}),0.2694708276797829,0.44305744007236547,0.1739484396200814,0.6455186304128901,1.4569637523916905,1.0,0.05455738453409527,1.5711476193413096,0.42933415702155564,0.3229761504870675,0.3635225693055872,0.5190639293346606,0.503424841770401,0.3926092282564312,0.6455186304128901,677.4013703078089
"frozenset({'Google_Index_Indexed by Google', 'SFH_Empty_or_Blank', 'Links_in_tags_greater_than_%81_Anchor'})",frozenset({'Result_Phishing'}),0.2392582541836273,0.44305744007236547,0.1541383989145183,0.644234404536862,1.4540651984799937,1.0,0.04813324929973706,1.5654761647275168,0.4104848073777583,0.2918307929439972,0.3612167195314291,0.4960657526971774,0.47342082929569906,0.3478971008574928,0.644234404536862,570.2620728192712
"frozenset({'Prefix_Suffix_Has_PrefixSuffix', 'age_of_domain_Domain_Age_Less_6Month', 'Google_Index_Indexed by Google', 'SFH_Empty_or_Blank'})",frozenset({'Result_Phishing'}),0.26974219810040706,0.44305744007236547,0.17367706919945725,0.6438631790744466,1.4532273263919981,1.0,0.054165781429598006,1.5638443631866343,0.42707713984887885,0.32214765100671133,0.3605501777924325,0.5179299562175009,0.5023865672252048,0.3919967333605553,0.6438631790744466,667.2878760228806
"frozenset({'Prefix_Suffix_Has_PrefixSuffix', 'Domain_registeration_length_Domain_LongTerm', 'Statistical_report_Dont Belong to Top Phishing IPs/Domains'})",frozenset({'Result_Phishing'}),0.26087743102668476,0.44305744007236547,0.16743554952510176,0.6418169209431345,1.4486088323859434,1.0,0.05185186276176372,1.5549103028376552,0.4189866905537041,0.312089023773394,0.3568760859227467,0.5098631358492725,0.49249224958110405,0.3779093507554103,0.6418169209431345,624.689288484861
"frozenset({'Prefix_Suffix_Has_PrefixSuffix', 'age_of_domain_Domain_Age_Less_6Month', 'SFH_Empty_or_Blank', 'Statistical_report_Dont Belong to Top Phishing IPs/Domains'})",frozenset({'Result_Phishing'}),0.26549072817729535,0.44305744007236547,0.1701492537313433,0.640885860306644,1.4465073878501324,1.0,0.052521611342162586,1.550878950083119,0.4202528918953601,0.31602822580645157,0.35520435044501364,0.5124600800104064,0.4961069970879012,0.384034299714169,0.640885860306644,633.7496731001985
"frozenset({'Prefix_Suffix_Has_PrefixSuffix', 'Google_Index_Indexed by Google', 'Statistical_report_Dont Belong to Top Phishing IPs/Domains', 'Links_in_tags_greater_than_%81_Anchor'})",frozenset({'Result_Phishing'}),0.23735866123925825,0.44305744007236547,0.15187697874265038,0.6398628048780488,1.4441983070491689,1.0,0.04671345791498083,1.546473309259379,0.40330139578905916,0.28735238747218894,0.3533674367267873,0.49132789080162137,0.46833799288535016,0.34279297672519393,0.6398628048780488,540.0660948021948
"frozenset({'Prefix_Suffix_Has_PrefixSuffix', 'Domain_registeration_length_Domain_LongTerm', 'Google_Index_Indexed by Google'})",frozenset({'Result_Phishing'}),0.2515603799185889,0.44305744007236547,0.1608322026232474,0.6393383674937073,1.4430146289593577,1.0,0.04937650467288572,1.544224585402544,0.41019519043078273,0.3013048635824437,0.35242580033180676,0.5011718378914025,0.48175016470479964,0.3630053082890976,0.6393383674937073,580.1362202641819
"frozenset({'Domain_registeration_length_Domain_LongTerm', 'SFH_Empty_or_Blank', 'Statistical_report_Dont Belong to Top Phishing IPs/Domains'})",frozenset({'Result_Phishing'}),0.23744911804613297,0.44305744007236547,0.15169606512890094,0.6388571428571428,1.4419284839293003,1.0,0.04649246673994034,1.542166898533798,0.40191984075953274,0.2868628121792678,0.3515617531729273,0.4906208948258764,0.46769100612408243,0.34238464679461,0.6388571428571428,534.8279504047849
"frozenset({'Prefix_Suffix_Has_PrefixSuffix', 'Request_URL_ReqURL_HighExtContent', 'Statistical_report_Dont Belong to Top Phishing IPs/Domains'})",frozenset({'Result_Phishing'}),0.3133423790140208,0.44305744007236547,0.19873360470375395,0.6342378752886836,1.431502595205471,1.0,0.05990493239161701,1.522690629510123,0.4389863616252076,0.35636658556366585,0.3432677783525088,0.5413941520175554,0.5333738565846304,0.4485504287464271,0.6342378752886836,747.2296389935983
"frozenset({'Request_URL_ReqURL_HighExtContent', 'SFH_Empty_or_Blank', 'Statistical_report_Dont Belong to Top Phishing IPs/Domains'})",frozenset({'Result_Phishing'}),0.2787878787878788,0.44305744007236547,0.1764812302125735,0.6330304996755354,1.4287774956947823,1.0,0.05296218631361101,1.5176807866463038,0.4161063707902433,0.32360258749378007,0.34109991455466027,0.5156781734800706,0.5021477971078386,0.39832584728460596,0.6330304996755354,625.0045960580348
"frozenset({'Prefix_Suffix_Has_PrefixSuffix', 'Request_URL_ReqURL_HighExtContent', 'Google_Index_Indexed by Google'})",frozenset({'Result_Phishing'}),0.3063772048846676,0.44305744007236547,0.19384893713251922,0.6327133156185415,1.4280615974199624,1.0,0.058106237039791786,1.5163701370376996,0.432151445511353,0.34890915011396934,0.340530405093873,0.5351194181196015,0.5261446786005036,0.43752552062066147,0.6327133156185415,711.7934741520253
frozenset({'web_traffic_Low_Traffic'}),frozenset({'Result_Phishing'}),0.24016282225237448,0.44305744007236547,0.15133423790140207,0.6301318267419962,1.422235064236988,1.0,0.0449283126737105,1.5057866564234923,0.39071706088293046,0.2845238095238095,0.3358952971630287,0.4858499068377192,0.4639319557466981,0.3415679869334422,0.6301318267419962,495.5668022553156
"frozenset({'Domain_registeration_length_Domain_LongTerm', 'Page_Rank_PageRank_Low'})",frozenset({'Result_Phishing'}),0.2583446404341927,0.44305744007236547,0.16218905472636816,0.6278011204481793,1.4169745583002493,1.0,0.04772753967917902,1.4963574328817726,0.3967759729108747,0.30078845831236367,0.3317104736973561,0.49693445160832805,0.47939312070787,0.3660677827684769,0.6278011204481793,532.6289956122168
"frozenset({'Prefix_Suffix_Has_PrefixSuffix', 'Request_URL_ReqURL_HighExtContent', 'DNSRecord_Has_DNS_Record'})",frozenset({'Result_Phishing'}),0.2495703301673451,0.44305744007236547,0.1566711895070104,0.6277636824936571,1.41689005920118,1.0,0.04609719790505143,1.4962069355796919,0.39208063208624977,0.2923206751054852,0.3316432532024329,0.49068870118966235,0.4711537445205198,0.3536137198856676,0.6277636824936571,508.3167371915011
"frozenset({'Page_Rank_PageRank_Low', 'Links_in_tags_greater_than_%81_Anchor'})",frozenset({'Result_Phishing'}),0.26322930800542743,0.44305744007236547,0.16408864767073722,0.6233676975945016,1.4069681292174796,1.0,0.04746294431383233,1.4787434757202702,0.392594126712433,0.3026359693026359,0.3237501862769555,0.4968614723170548,0.48048672993031066,0.370355247039608,0.6233676975945016,520.3925538600356
frozenset({'having_Sub_Domain_One_SubDomain'}),frozenset({'Result_Phishing'}),0.32763455450022616,0.44305744007236547,0.2037087290818634,0.6217559359469905,1.4033303127590813,1.0,0.05854780208574331,1.4724423007721839,0.42746008809545255,0.35928525845564774,0.3208562403595875,0.5407677188922376,0.5346687147142671,0.45977950183748467,0.6217559359469905,697.1310289025998
"frozenset({'Request_URL_ReqURL_HighExtContent', 'Page_Rank_PageRank_Low'})",frozenset({'Result_Phishing'}),0.313613749434645,0.44305744007236547,0.19475350520126639,0.6209979809633688,1.4016195752450065,1.0,0.05580460020525632,1.4694976067497019,0.4174612247416348,0.3465872504829362,0.3194953190758554,0.5302825756184749,0.5224656211059969,0.439567170273581,0.6209979809633688,648.1337521721656
"frozenset({'Prefix_Suffix_Has_PrefixSuffix', 'having_Sub_Domain_Multi_SubDomain'})",frozenset({'Result_Phishing'}),0.26784260515603797,0.44305744007236547,0.166078697421981,0.6200607902735563,1.3995042949110177,1.0,0.047409038439233456,1.4658728177295344,0.38989059918506563,0.30483147932923793,0.31781257698134885,0.49745383327479364,0.4821077165274268,0.374846876276031,0.6200607902735563,513.4834924618797
"frozenset({'Prefix_Suffix_Has_PrefixSuffix', 'SFH_Empty_or_Blank', 'Page_Rank_PageRank_Low'})",frozenset({'Result_Phishing'}),0.4903663500678426,0.44305744007236547,0.3033921302578019,0.618705035971223,1.39644429821598,1.0,0.0861316704991141,1.460660676036626,0.5570580611073959,0.4815506101938262,0.31537829668050504,0.6517371647802215,0.6508995394237941,0.618705035971223,0.68476929358922,1329.949929358365
"frozenset({'DNSRecord_Has_DNS_Record', 'Links_in_tags_greater_than_%81_Anchor'})",frozenset({'Result_Phishing'}),0.2473993668023519,0.44305744007236547,0.15269109000452283,0.6171846435100548,1.3930127060031963,1.0,0.043078959873548636,1.454859504682025,0.37487539304593487,0.2839360807401177,0.31264840571766367,0.4809075524614381,0.461194783654128,0.3446304614128215,0.6171846435100548,446.5350571242762
"frozenset({'Request_URL_ReqURL_HighExtContent', 'Google_Index_Indexed by Google', 'SFH_Empty_or_Blank'})",frozenset({'Result_Phishing'}),0.2773405698778833,0.44305744007236547,0.17096336499321574,0.6164383561643836,1.39132830285775,1.0,0.04808556207490977,1.4520288169541902,0.38920460077050384,0.31116233124794207,0.3113084338796915,0.5011550702830901,0.48771525346954336,0.38587178440179665,0.6164383561643836,516.8572613633469
"frozenset({'Google_Index_Indexed by Google', 'having_Sub_Domain_One_SubDomain'})",frozenset({'Result_Phishing'}),0.28213478064224334,0.44305744007236547,0.17250113071008594,0.6114139147162552,1.3799879189849327,1.0,0.04749921704335522,1.433253997041495,0.38357614719539207,0.31211129296235673,0.3022869623498783,0.5003782517640075,0.4879031424280431,0.38934258881175987,0.6114139147162552,499.07023391012854
"frozenset({'Prefix_Suffix_Has_PrefixSuffix', 'Request_URL_ReqURL_HighExtContent', 'Google_Index_Indexed by Google', 'Statistical_report_Dont Belong to Top Phishing IPs/Domains'})",frozenset({'Result_Phishing'}),0.2603346901854365,0.44305744007236547,0.15911352329262776,0.6111883252258512,1.3794787536487922,1.0,0.0437703018970359,1.4324224195457835,0.3719094371871683,0.292338374605285,0.3018819125177497,0.4851572495872008,0.46850157395720904,0.3591261739485504,0.6111883252258512,445.7384481746909
"frozenset({'Request_URL_ReqURL_HighExtContent', 'Domain_registeration_length_Domain_LongTerm'})",frozenset({'Result_Phishing'}),0.27589326096788785,0.44305744007236547,0.1670737222976029,0.6055737704918033,1.3668064583068364,1.0,0.04483716035995343,1.4120322591681507,0.3706187287520285,0.3027372561875102,0.29180088237565127,0.4913332306930229,0.4778675994977338,0.3770926908942425,0.6055737704918033,450.8383215007815
"frozenset({'having_Sub_Domain_One_SubDomain', 'Statistical_report_Dont Belong to Top Phishing IPs/Domains'})",frozenset({'Result_Phishing'}),0.2738127544097693,0.44305744007236547,0.16580732700135686,0.6055500495540139,1.3667529191138472,1.0,0.04449254897340117,1.411947344138149,0.36951744997255925,0.30088640840446496,0.29175829102154033,0.48989221546708456,0.47604374608807615,0.3742343813801552,0.6055500495540139,446.02642505864475
frozenset({'Links_in_tags_greater_than_%81_Anchor'}),frozenset({'Result_Phishing'}),0.35784712799638174,0.44305744007236547,0.21592039800995025,0.6033872598584429,1.3618714082758443,1.0,0.05737356554262524,1.4042477801617095,0.41378976003571,0.3691046853254986,0.28787496471253626,0.5453645160051708,0.5422691366040407,0.4873417721518987,0.6033872598584429,641.7649904059024
frozenset({'Domain_registeration_length_Domain_LongTerm'}),frozenset({'Result_Phishing'}),0.3316146540027137,0.44305744007236547,0.19972862957937584,0.602291325695581,1.359397836987474,1.0,0.052804289886450306,1.400378206237797,0.39555052457530876,0.34738829452485837,0.28590719596632247,0.5265437845301097,0.5210668546690299,0.4507962433646386,0.602291325695581,563.5936431426553
"frozenset({'Page_Rank_PageRank_Low', 'Prefix_Suffix_Has_PrefixSuffix', 'SFH_Empty_or_Blank', 'Statistical_report_Dont Belong to Top Phishing IPs/Domains'})",frozenset({'Result_Phishing'}),0.4156490275893261,0.44305744007236547,0.2502035278154681,0.6019586507072906,1.358646975003899,1.0,0.0660471336831733,1.3992077981779558,0.45173815615982665,0.41117883157425306,0.28530987227043975,0.5833394723524203,0.5830422507861583,0.56472029399755,0.6019586507072906,804.629064539117
"frozenset({'Request_URL_ReqURL_HighExtContent', 'Page_Rank_PageRank_Low', 'Statistical_report_Dont Belong to Top Phishing IPs/Domains'})",frozenset({'Result_Phishing'}),0.26359113523292627,0.44305744007236547,0.15857078245137946,0.6015785861358957,1.3577891526607444,1.0,0.04178476884931044,1.397873057389429,0.3578292408059239,0.28932167024261424,0.28462745975837683,0.47973988514634713,0.46401043990562296,0.35790118415679867,0.6015785861358957,402.97166134063565
